caption,url
"Line without a hookğŸªğŸ’Ÿ
~ Ricky Montgomery",https://www.instagram.com/harshita.k_25/reel/DMC9_tfybJC/
"Zaroori tha ğŸ¥€
Rahat Fatehi Ali Khan",https://www.instagram.com/harshita.k_25/reel/DLt-308uogO/
Meri aashiqui ğŸ¥€ğŸ¤ğŸ¹,https://www.instagram.com/harshita.k_25/reel/DLjcyYFSj_H/
nteha hogayi intezaar ki ğŸŒ¹ğŸ€ğŸ’…,https://www.instagram.com/harshita.k_25/reel/DLey_dDy5J1/
Bade acche lagte hain ğŸ¥€ğŸ¹ğŸ¤âœ¨,https://www.instagram.com/harshita.k_25/reel/DKtth53OBOI/
Unn bin jiyun to kaise mai jiyun haye... ğŸ¥€,https://www.instagram.com/harshita.k_25/reel/DCyHqPeyRnc/
Bhare naina,
~ Nandini Shrikar,