title,review,rating,date,read_time,link
Heeramandi,"Heeramandi is Sanjay Leela Bhansali at his most indulgent—lavish sets, grand costumes, and every frame dripping with excess. While it is undeniably a visual spectacle, the storytelling struggles to keep pace with the grandeur.

Set in pre-independence India, the series explores the lives, politics, and heartbreak of courtesans in Lahore’s famed red-light district. The premise holds immense potential, and the first few episodes build intrigue around themes of power and survival. But soon, the narrative becomes meandering, often prioritizing slow-motion glamour shots over real emotional depth.

Performances are strong—Manisha Koirala and Sonakshi Sinha shine—but many characters are one-dimensional, introduced with flourish but given little meaningful development. Dialogues, though poetic at times, frequently veer into melodrama. It’s as if the series is constantly reminding you of its own “epicness.”

There’s no denying Heeramandi is breathtaking to look at. Bhansali’s signature eye for detail is evident in every chandelier-lit room and intricately embroidered costume. Yet, beauty alone can’t save a story that feels stretched and repetitive. The stakes rarely feel urgent, and by the finale, much of the emotional impact has dissipated.

Verdict: Heeramandi is a feast for the senses but thin in substance. If you watch it, do so for the visuals and performances, not for compelling storytelling.",5,2023-12-15,6,https://www.imdb.com/title/tt15204292/?ref_=fn_all_ttl_1
Big Girls Don't Cry,"""Big Girls Don’t Cry"" tries hard to be an empowering narrative about resilience and coming-of-age, but ends up stumbling under its own weight. The storyline follows a fairly predictable arc—personal struggle, conflict, and eventual self-realization—but it never really digs deep enough to feel impactful.

The writing often oscillates between overly sentimental and unnecessarily dramatic. Characters are drawn in broad strokes; you can guess their motivations and endings within the first few chapters. Emotional moments feel forced, almost as if the book is telling you how to feel rather than letting the story build that emotion naturally.

What could have been a layered exploration of vulnerability and strength instead comes across as surface-level. There are glimpses of sincerity—moments where the protagonist’s pain feels real—but they are fleeting. Pacing is inconsistent too; certain sections drag endlessly, while others rush through pivotal turning points.

In short, Big Girls Don’t Cry wants to be a strong feminist statement, but it doesn’t trust the reader enough to connect the dots. It’s a book that says the right things, but rarely shows them through authentic storytelling.",2.5,2024-12-12,3,https://www.imdb.com/title/tt31215866/
Made in Heaven,"Made in Heaven is an ambitious series that tries to blend the glamour of high-end Indian weddings with the rot of social hypocrisy. It mostly succeeds—but not without flaws.

The show’s strength lies in its ability to hold up a mirror to contemporary Indian society. Each wedding is a story-within-a-story, unraveling layers of patriarchy, casteism, closeted sexuality, and transactional relationships. Performances by Sobhita Dhulipala and Arjun Mathur are nuanced; they carry the emotional weight of the narrative even when the writing falters.

However, the series often tries to tackle too much at once. Certain subplots feel shoehorned in just to tick boxes of representation. This over-ambition sometimes dilutes the core emotional arcs. There are moments where the dialogue becomes self-conscious—less like real conversations and more like speeches designed to make a point.

Visually, though, Made in Heaven is stunning. The wedding sets and costumes are lush without being tacky, and the cinematography captures the opulence with precision. But beneath the surface sheen, the storytelling occasionally slips into predictability.

Verdict: Made in Heaven is socially aware, beautifully mounted, and often thought-provoking. It’s not flawless—some characters deserved deeper writing—but it’s one of the few Indian series that dares to ask uncomfortable questions.",3.5,2025-05-14,2,https://www.imdb.com/title/tt6494622/?ref_=fn_all_ttl_1
Bridgerton,"Bridgerton is a glossy period drama that wants to be both scandalous and progressive, but it often gets caught up in its own spectacle. Set in a reimagined Regency-era London, the show thrives on elaborate costumes, grand ballrooms, and gossip-filled romances. On the surface, it’s perfect binge material—but the substance doesn’t always match the style.

The first season captures a delicious mix of intrigue and intimacy, with Regé-Jean Page and Phoebe Dynevor delivering magnetic chemistry. Later seasons, however, start to lean heavily on formulaic storytelling: forbidden love, a scandal, a climactic revelation, repeat. The social commentary—race-blind casting, female agency, class hierarchies—is a refreshing touch but is often handled in a very on-the-nose manner.

The biggest strength of Bridgerton is its escapism. The sets and costumes are jaw-dropping, and the orchestral pop covers are a clever twist. But if you look beyond the glitter, character development feels thin. Many arcs are rushed, and conflicts get resolved too neatly to feel truly earned.

Verdict: Bridgerton is pure visual candy and knows it. If you want layered storytelling or historical depth, this isn’t it. But if you’re here for romance, opulence, and a fair amount of melodrama, it delivers exactly that.",3,2024-04-14,5,https://www.imdb.com/title/tt8740790/?ref_=nv_sr_srsg_0_tt_7_nm_1_in_0_q_bridgerton